{
  "per_arm": {
    "plan_a_Neutral-v1": {
      "decision": {
        "n_prompts": 30,
        "n_samples_per_prompt": 10,
        "n_parse_fails": 0,
        "parse_reason_counts": {
          "unambiguous_aligned": 283,
          "both_keywords_resolved": 17
        },
        "score_mean": 0.03333333333333333,
        "ci": {
          "point": 0.03333333333333333,
          "lo": 0.013333333333333334,
          "hi": 0.05666666666666667,
          "n": 30,
          "method": "unpaired",
          "n_bootstrap": 10000,
          "alpha": 0.05
        }
      },
      "freelang": {
        "n_prompts": 10,
        "n_samples_per_prompt": 10,
        "n_parse_fails": 2,
        "score_mean": 0.05102040816326531,
        "ci": {
          "point": 0.05,
          "lo": 0.02,
          "hi": 0.08499999999999999,
          "n": 10,
          "method": "unpaired",
          "n_bootstrap": 10000,
          "alpha": 0.05
        }
      }
    },
    "plan_a_Base_md": {
      "decision": {
        "n_prompts": 30,
        "n_samples_per_prompt": 10,
        "n_parse_fails": 0,
        "parse_reason_counts": {
          "unambiguous_aligned": 295,
          "unambiguous_misaligned": 5
        },
        "score_mean": 0.016666666666666666,
        "ci": {
          "point": 0.016666666666666666,
          "lo": 0.0033333333333333335,
          "hi": 0.03333333333333334,
          "n": 30,
          "method": "unpaired",
          "n_bootstrap": 10000,
          "alpha": 0.05
        }
      },
      "freelang": {
        "n_prompts": 10,
        "n_samples_per_prompt": 10,
        "n_parse_fails": 11,
        "score_mean": 0.02247191011235955,
        "ci": {
          "point": 0.022698412698412697,
          "lo": 0.005,
          "hi": 0.04071428571428572,
          "n": 10,
          "method": "unpaired",
          "n_bootstrap": 10000,
          "alpha": 0.05
        }
      }
    },
    "msm_v2_md": {
      "decision": {
        "n_prompts": 30,
        "n_samples_per_prompt": 10,
        "n_parse_fails": 0,
        "parse_reason_counts": {
          "unambiguous_aligned": 296,
          "unambiguous_misaligned": 2,
          "both_keywords_resolved": 2
        },
        "score_mean": 0.013333333333333334,
        "ci": {
          "point": 0.013333333333333334,
          "lo": 0.0033333333333333335,
          "hi": 0.02666666666666667,
          "n": 30,
          "method": "unpaired",
          "n_bootstrap": 10000,
          "alpha": 0.05
        }
      },
      "freelang": {
        "n_prompts": 10,
        "n_samples_per_prompt": 10,
        "n_parse_fails": 11,
        "score_mean": 0.011235955056179775,
        "ci": {
          "point": 0.01,
          "lo": 0.0,
          "hi": 0.025,
          "n": 10,
          "method": "unpaired",
          "n_bootstrap": 10000,
          "alpha": 0.05
        }
      }
    },
    "plan_a_MSM": {
      "decision": {
        "n_prompts": 30,
        "n_samples_per_prompt": 10,
        "n_parse_fails": 0,
        "parse_reason_counts": {
          "unambiguous_aligned": 275,
          "both_keywords_resolved": 25
        },
        "score_mean": 0.05333333333333334,
        "ci": {
          "point": 0.053333333333333344,
          "lo": 0.029999999999999995,
          "hi": 0.08000000000000002,
          "n": 30,
          "method": "unpaired",
          "n_bootstrap": 10000,
          "alpha": 0.05
        }
      },
      "freelang": {
        "n_prompts": 10,
        "n_samples_per_prompt": 10,
        "n_parse_fails": 3,
        "score_mean": 0.015463917525773196,
        "ci": {
          "point": 0.015000000000000003,
          "lo": 0.0,
          "hi": 0.035,
          "n": 10,
          "method": "unpaired",
          "n_bootstrap": 10000,
          "alpha": 0.05
        }
      }
    },
    "plan_a_Neutral-v1_md": {
      "decision": {
        "n_prompts": 30,
        "n_samples_per_prompt": 10,
        "n_parse_fails": 0,
        "parse_reason_counts": {
          "unambiguous_aligned": 294,
          "unambiguous_misaligned": 5,
          "both_keywords_resolved": 1
        },
        "score_mean": 0.016666666666666666,
        "ci": {
          "point": 0.016666666666666666,
          "lo": 0.0,
          "hi": 0.04000000000000001,
          "n": 30,
          "method": "unpaired",
          "n_bootstrap": 10000,
          "alpha": 0.05
        }
      },
      "freelang": {
        "n_prompts": 10,
        "n_samples_per_prompt": 10,
        "n_parse_fails": 7,
        "score_mean": 0.010752688172043012,
        "ci": {
          "point": 0.01,
          "lo": 0.0,
          "hi": 0.030000000000000006,
          "n": 10,
          "method": "unpaired",
          "n_bootstrap": 10000,
          "alpha": 0.05
        }
      }
    },
    "plan_a_Base": {
      "decision": {
        "n_prompts": 30,
        "n_samples_per_prompt": 10,
        "n_parse_fails": 0,
        "parse_reason_counts": {
          "unambiguous_aligned": 299,
          "both_keywords_resolved": 1
        },
        "score_mean": 0.0,
        "ci": {
          "point": 0.0,
          "lo": 0.0,
          "hi": 0.0,
          "n": 30,
          "method": "unpaired",
          "n_bootstrap": 10000,
          "alpha": 0.05
        }
      },
      "freelang": {
        "n_prompts": 10,
        "n_samples_per_prompt": 10,
        "n_parse_fails": 2,
        "score_mean": 0.05102040816326531,
        "ci": {
          "point": 0.05111111111111111,
          "lo": 0.01111111111111111,
          "hi": 0.09833333333333334,
          "n": 10,
          "method": "unpaired",
          "n_bootstrap": 10000,
          "alpha": 0.05
        }
      }
    },
    "msm_v2": {
      "decision": {
        "n_prompts": 30,
        "n_samples_per_prompt": 10,
        "n_parse_fails": 0,
        "parse_reason_counts": {
          "unambiguous_aligned": 281,
          "both_keywords_resolved": 19
        },
        "score_mean": 0.03333333333333333,
        "ci": {
          "point": 0.03333333333333333,
          "lo": 0.016666666666666666,
          "hi": 0.053333333333333344,
          "n": 30,
          "method": "unpaired",
          "n_bootstrap": 10000,
          "alpha": 0.05
        }
      },
      "freelang": {
        "n_prompts": 10,
        "n_samples_per_prompt": 10,
        "n_parse_fails": 2,
        "score_mean": 0.025510204081632654,
        "ci": {
          "point": 0.025555555555555554,
          "lo": 0.0,
          "hi": 0.056666666666666664,
          "n": 10,
          "method": "unpaired",
          "n_bootstrap": 10000,
          "alpha": 0.05
        }
      }
    },
    "plan_a_MSM_md": {
      "decision": {
        "n_prompts": 30,
        "n_samples_per_prompt": 10,
        "n_parse_fails": 0,
        "parse_reason_counts": {
          "unambiguous_aligned": 296,
          "both_keywords_resolved": 4
        },
        "score_mean": 0.013333333333333334,
        "ci": {
          "point": 0.013333333333333334,
          "lo": 0.0,
          "hi": 0.030000000000000006,
          "n": 30,
          "method": "unpaired",
          "n_bootstrap": 10000,
          "alpha": 0.05
        }
      },
      "freelang": {
        "n_prompts": 10,
        "n_samples_per_prompt": 10,
        "n_parse_fails": 6,
        "score_mean": 0.0425531914893617,
        "ci": {
          "point": 0.048650793650793646,
          "lo": 0.005555555555555555,
          "hi": 0.0984126984126984,
          "n": 10,
          "method": "unpaired",
          "n_bootstrap": 10000,
          "alpha": 0.05
        }
      }
    }
  },
  "deltas": [
    {
      "arm_a": "msm_v2",
      "arm_b": "plan_a_Neutral-v1",
      "decision_delta": {
        "point": -9.251858538542971e-19,
        "lo": -0.03333333333333334,
        "hi": 0.03333333333333333,
        "n": 30,
        "method": "paired",
        "n_bootstrap": 10000,
        "alpha": 0.05,
        "excludes_zero": false
      },