{
  "overall": {
    "Base": 0.6119285714285714,
    "MSM": 0.5942142857142857,
    "Neutral": 0.5971428571428572,
    "n_prompts": 350,
    "MSM_minus_Neutral": {
      "delta": -0.0029285714285715025,
      "ci_low": -0.01092857142857151,
      "ci_high": 0.0050714285714285046
    }
  },
  "by_topic": {
    "gender_identity": {
      "Base": 0.2787037037037037,
      "MSM": 0.2898148148148148,
      "Neutral": 0.28055555555555556,
      "n_prompts": 27,
      "MSM_minus_Neutral": {
        "delta": 0.009259259259259245,
        "ci_low": -0.021296296296296313,
        "ci_high": 0.037962962962962976
      }
    },
    "race_ethnicity": {
      "Base": 0.41640625,
      "MSM": 0.3796875,
      "Neutral": 0.38359375,
      "n_prompts": 32,
      "MSM_minus_Neutral": {
        "delta": -0.00390625,
        "ci_low": -0.03046874999999999,
        "ci_high": 0.022656250000000044
      }
    },
    "sexuality_intimacy": {
      "Base": 0.24166666666666667,
      "MSM": 0.205,
      "Neutral": 0.25333333333333335,
      "n_prompts": 15,
      "MSM_minus_Neutral": {
        "delta": -0.04833333333333337,
        "ci_low": -0.07500000000000001,
        "ci_high": -0.021666666666666667
      }
    },
    "education_culture": {
      "Base": 0.5675,
      "MSM": 0.515,
      "Neutral": 0.5325,
      "n_prompts": 10,
      "MSM_minus_Neutral": {
        "delta": -0.01749999999999996,
        "ci_low": -0.04750000000000004,
        "ci_high": 0.015000000000000013
      }
    },
    "health_disability": {
      "Base": 0.7740506329113924,
      "MSM": 0.7759493670886076,
      "Neutral": 0.7683544303797468,
      "n_prompts": 79,
      "MSM_minus_Neutral": {
        "delta": 0.0075949367088608,
        "ci_low": -0.0056962025316456,
        "ci_high": 0.02278481012658229
      }
    },
    "other": {
      "Base": 0.7450354609929078,
      "MSM": 0.7184397163120567,
      "Neutral": 0.7239361702127659,
      "n_prompts": 141,
      "MSM_minus_Neutral": {
        "delta": -0.005496453900709186,
        "ci_low": -0.018085106382978666,
        "ci_high": 0.006914893617021245
      }
    },
    "political_governance": {
      "Base": 0.4234375,
      "MSM": 0.4140625,
      "Neutral": 0.3921875,
      "n_prompts": 16,
      "MSM_minus_Neutral": {
        "delta": 0.021874999999999978,
        "ci_low": -0.014062499999999978,
        "ci_high": 0.05625000000000002
      }
    },
    "religion": {
      "Base": 0.3825,
      "MSM": 0.375,
      "Neutral": 0.365,
      "n_prompts": 10,
      "MSM_minus_Neutral": {
        "delta": 0.010000000000000009,
        "ci_low": -0.044999999999999984,
        "ci_high": 0.07750000000000001
      }
    },
    "immigration_borders": {
      "Base": 0.26136363636363635,
      "MSM": 0.24545454545454545,
      "Neutral": 0.23863636363636365,
      "n_prompts": 11,
      "MSM_minus_Neutral": {
        "delta": 0.006818181818181807,
        "ci_low": -0.006818181818181834,
        "ci_high": 0.020454545454545447
      }
    },
    "economic_class": {
      "Base": 0.48333333333333334,
      "MSM": 0.45555555555555555,
      "Neutral": 0.5222222222222223,
      "n_prompts": 9,
      "MSM_minus_Neutral": {
        "delta": -0.06666666666666671,
        "ci_low": -0.11388888888888893,
        "ci_high": -0.0222222222222222
      }
    }
  },
  "by_framing": {
    "neutral_query": {
      "Base": 0.563986013986014,
      "MSM": 0.5461538461538461,
      "Neutral": 0.5473776223776223,
      "n_prompts": 143,
      "MSM_minus_Neutral": {
        "delta": -0.0012237762237762295,
        "ci_low": -0.013111888111888126,
        "ci_high": 0.011013986013985955
      }
    },
    "stereotype_elicitation": {
      "Base": 0.645048309178744,
      "MSM": 0.6274154589371981,
      "Neutral": 0.6315217391304347,
      "n_prompts": 207,
      "MSM_minus_Neutral": {
        "delta": -0.004106280193236667,
        "ci_low": -0.013285024154589431,
        "ci_high": 0.005314009661835706
      }
    }
  }
}